Y,3,V,y,c,2,9,y,O,n,Y,y,O,p,H,O,G,i,V,1,D,g,=,=
Y,3,V,y,c,2,9,y,O,n,Y,y,O,p,H,O,I,J,r,y,y,g,=,=
Y,3,V,y,c,2,9,y,O,n,Y,y,O,p,H,O,K,-,9,1,T,g,=,=
Y,3,V,y,c,2,9,y,O,n,Y,y,O,p,H,O,N,8,a,N,M,g,=,=
Y,3,V,y,c,2,9,y,O,n,Y,y,O,p,H,O,Q,d,s,0,J,w,=,=
Y,3,V,y,c,2,9,y,O,n,Y,y,O,p,H,O,R,u,v,k,y,g,=,=
Y,3,V,y,c,2,9,y,O,n,Y,y,O,p,H,O,S,y,9,T,3,w,=,=
Y,3,V,y,c,2,9,y,O,n,Y,y,O,p,H,O,W,w,d,u,-,Q,=,=
Y,3,V,y,c,2,9,y,O,n,Y,y,O,p,H,O,c,q,A,D,r,w,=,=
Y,3,V,y,c,2,9,y,O,n,Y,y,O,p,H,O,d,_,Z,p,E,A,=,=
Y,3,V,y,c,2,9,y,O,n,Y,y,O,p,H,O,e,m,F,o,Z,A,=,=
Y,3,V,y,c,2,9,y,O,n,Y,y,O,p,H,O,f,S,A,C,L,Q,=,=
Y,3,V,y,c,2,9,y,O,n,Y,y,O,p,H,O,g,g,f,l,u,Q,=,=
Y,3,V,y,c,2,9,y,O,n,Y,y,O,p,H,O,h,0,_,t,W,g,=,=
Y,3,V,y,c,2,9,y,O,n,Y,y,O,p,H,O,j,Z,y,M,C,Q,=,=
Y,3,V,y,c,2,9,y,O,n,Y,y,O,p,H,O,k,Z,m,P,m,A,=,=
